<?xml version="1.0"?>

<!-- Table definition for Projects -->
<schema name="CreateRSSynchroToIRISTable">

    <table name="grailRSSynchroToIRIS" description="Synchro to IRIS ">
        <column name="projectID" type="bigint" nullable="false" description=""/>
        <column name="name" type="varchar" size="255" nullable="true" description="Project name"/>
        <column name="endMarketID" type="bigint" nullable="true" description=""/>
        <column name="brand" type="bigint" nullable="true" description=""/>
        <column name="description" type="varchar" size="2000" nullable="true" description="Project description is same as the community description"/>
         
        <column name="bizQuestion" type="varchar" size="1000" nullable="true" description=""/>
        <column name="researchObjective" type="varchar" size="1000" nullable="true" description=""/>
        <column name="actionStandard" type="varchar" size="1000" nullable="true" description=""/>
        <column name="researchDesign" type="varchar" size="5000" nullable="true" description=""/>
        
        <column name="conclusions" type="varchar" size="1000" nullable="true" description=""/>
        <column name="keyFindings" type="varchar" size="1000" nullable="true" description=""/>
        
        <column name="methodologyType" type="bigint" nullable="true" description=""/>
		<column name="methodologyGroup" type="bigint" nullable="true" description=""/>
		
		<column name="respondentType" type="varchar" size="1000" nullable="true" description=""/>
		<column name="sampleSize" type="varchar" size="1000" nullable="true" description=""/>
        <column name="fieldWorkStartDate" type="bigint" nullable="true" description=""/>
        <column name="fieldWorkEndDate" type="bigint" nullable="true" description=""/>
        <column name="reportDate" type="bigint" nullable="true" description=""/>
        <column name="researchAgency" type="bigint" nullable="true" description=""/>
        <column name="summaryWrittenBy" type="bigint" nullable="true" description=""/>
        <column name="batPrimaryContact" type="bigint" nullable="true" description=""/>
        
		
		<column name="relatedStudies" type="varchar" size="1000" nullable="true" description=""/>
		<column name="tags" type="varchar" size="1000" nullable="true" description=""/>
		<column name="allDocsEnglish" type="int" nullable="true" description=""/>
		<column name="disclaimer" type="int" nullable="true" description=""/>
		<column name="irisSummaryRequired" type="int" nullable="true" description=""/>
		<column name="irisOptionRationale" type="varchar" size="1000" nullable="true" description=""/>
		
		
        
        <!-- Audit fields -->
        <column name="creationBy" type="bigint" nullable="false" description="Author who created the content"/>
        <column name="modificationBy" type="bigint" nullable="false" description="Author who modified the content"/>
        <column name="creationDate" type="bigint" nullable="false" description="Creation date"/>
        <column name="modificationDate" type="bigint" nullable="false" description="Modification date"/>
      
        <index type="normal" name="grailRSSynchroToIRIS_Idx" column="projectID,endMarketID"/>

    </table>

</schema>