<?xml version="1.0"?>
<schema name="CreateMyLibraryTable">
    <table name="grailMyLibrary" description="">
        <column name="id" type="bigint" nullable="false" description=""/>
        <column name="title" type="varchar" size="255" nullable="false" description=""/>
		<column name="description" type="varchar" size="255" nullable="true" description=""/>
        <column name="userID" type="bigint" nullable="false" description=""/>
        <index type="primary" name="grailMyLibrary_Idx" column="id"/>
        <constraint type="foreignkey" name="grailMyLibrary_user_fk" column="userID" reftable="jiveUser" deferred="true"/>
    </table>
</schema>