<?xml version="1.0"?>

<!-- Table definition for Synchro New Requirements -->
<schema name="CreateProjectCostDetailsTable">
    <table name="grailProjectCostDetails" description="New Project Cost Details Table">
        <column name="projectID" type="bigint" nullable="false" description="Project ID"/>
        <column name="agencyID" type="bigint" nullable="true" description="Agency ID"/>
        <column name="costComponent" type="int" nullable="true" description="Cost Component"/>
        <column name="costCurrency" type="int" nullable="true" description="Cost Currency"/>
        <column name="estimatedCost" type="decimal" nullable="true" description="Estimated Cost"/>
        
        <index type="normal" name="grailProjectCostDetail_Idx" column="projectID"/>
    </table>

</schema>