<?xml version="1.0"?>

        <!-- Table definition for Stage To Do List -->
<schema name="CreateStageToDoListTable">

<table name="grailstagetodolist" description="">
    <column name="id" type="int" nullable="false" description="Primary key"/>
    <column name="stageid" type="int" nullable="false" description="Stage Id"/>
    <column name="todoaction" type="text" nullable="false" description="Action Name"/>
    <column name="role" type="text"  nullable="false" description="User Group who will have access on this Action"/>
    <column name="notificationrole" type="text" nullable="false" description="User Group to be notified"/>

    <index type="normal" name="stageToDoList_Idx" column="id,stageid"/>
</table>
		<sql>
	  <![CDATA[
		INSERT INTO grailstagetodolist(
					id, "stageid", todoaction, role, notificationrole)
			VALUES (1, 1, 'SEND FOR APPROVAL', 'MARKETING_APPROVERS,OTHER_BAT_APPROVERS,SPI_APPROVERS,LEGAL_APPROVERS','APPROVERS');

		INSERT INTO grailstagetodolist(
					id, "stageid", todoaction, role, notificationrole)
			VALUES (2, 1, 'SEND FOR MARKETING REVIEW', 'MARKETING_APPROVERS,OTHER_BAT_APPROVERS,SPI_APPROVERS,LEGAL_APPROVERS,SUPPORT','MARKETING_APPROVERS,OTHER_BAT_APPROVERS,SPI_APPROVERS,LEGAL_APPROVERS,SUPPORT');

		INSERT INTO grailstagetodolist(
					id, "stageid", todoaction, role, notificationrole)
			VALUES (3, 1, 'SEND FOR OTHER BAT REVIEW', 'MARKETING_APPROVERS,OTHER_BAT_APPROVERS,SPI_APPROVERS,LEGAL_APPROVERS,SUPPORT','MARKETING_APPROVERS,OTHER_BAT_APPROVERS,SPI_APPROVERS,LEGAL_APPROVERS,SUPPORT');

		INSERT INTO grailstagetodolist(
					id, "stageid", todoaction, role, notificationrole)
			VALUES (4, 1, 'SEND FOR SP&I REVIEW', 'MARKETING_APPROVERS,OTHER_BAT_APPROVERS,SPI_APPROVERS,LEGAL_APPROVERS,SUPPORT','MARKETING_APPROVERS,OTHER_BAT_APPROVERS,SPI_APPROVERS,LEGAL_APPROVERS,SUPPORT');

		INSERT INTO grailstagetodolist(
					id, "stageid", todoaction, role, notificationrole)
			VALUES (5, 1, 'SEND FOR LEGAL APPROVAL', 'MARKETING_APPROVERS,OTHER_BAT_APPROVERS,SPI_APPROVERS,LEGAL_APPROVERS,SUPPORT','MARKETING_APPROVERS,OTHER_BAT_APPROVERS,SPI_APPROVERS,LEGAL_APPROVERS,SUPPORT');

		INSERT INTO grailstagetodolist(
					id, "stageid", todoaction, role, notificationrole)
			VALUES (6, 1, 'APPROVE', 'APPROVERS','APPROVERS,PROJECT_OWNER');

		INSERT INTO grailstagetodolist(
					id, "stageid", todoaction, role, notificationrole)
			VALUES (7, 1, 'NOTIFY EXTERNAL AGENCY', 'MARKETING_APPROVERS,OTHER_BAT_APPROVERS,SPI_APPROVERS,LEGAL_APPROVERS,SUPPORT','COORDINATION_AGENCY,CO_AGENCY_SUPPORT,FIELDWORK_AGENCY');

		INSERT INTO grailstagetodolist(
					id, "stageid", todoaction, role, notificationrole)
			VALUES (8, 2, 'SEND FOR APPROVAL', 'COORDINATION_AGENCY,CO_AGENCY_SUPPORT,FIELDWORK_AGENCY','MARKETING_APPROVERS,OTHER_BAT_APPROVERS,SPI_APPROVERS,PROCUREMENT_APPROVERS,SUPPORT');

		INSERT INTO grailstagetodolist(
					id, "stageid", todoaction, role, notificationrole)
			VALUES (9, 2, 'SEND FOR APPROVAL', 'MARKETING_APPROVERS,OTHER_BAT_APPROVERS,SPI_APPROVERS,PROCUREMENT_APPROVERS,SUPPORT','APPROVERS');

		INSERT INTO grailstagetodolist(
					id, "stageid", todoaction, role, notificationrole)
			VALUES (10, 2, 'NEEDS REVISION', 'MARKETING_APPROVERS,OTHER_BAT_APPROVERS,SPI_APPROVERS,PROCUREMENT_APPROVERS,SUPPORT','COORDINATION_AGENCY,CO_AGENCY_SUPPORT,FIELDWORK_AGENCY');

		INSERT INTO grailstagetodolist(
					id, "stageid", todoaction, role, notificationrole)
			VALUES (11, 2, 'SEND FOR MARKETING REVIEW', 'MARKETING_APPROVERS,OTHER_BAT_APPROVERS,SPI_APPROVERS,PROCUREMENT_APPROVERS,SUPPORT','MARKETING_APPROVERS,OTHER_BAT_APPROVERS,SPI_APPROVERS,PROCUREMENT_APPROVERS,SUPPORT');

		INSERT INTO grailstagetodolist(
					id, "stageid", todoaction, role, notificationrole)
			VALUES (12, 2, 'SEND FOR OTHER BAT REVIEW', 'MARKETING_APPROVERS,OTHER_BAT_APPROVERS,SPI_APPROVERS,PROCUREMENT_APPROVERS,SUPPORT','MARKETING_APPROVERS,OTHER_BAT_APPROVERS,SPI_APPROVERS,PROCUREMENT_APPROVERS,SUPPORT');

		INSERT INTO grailstagetodolist(
					id, "stageid", todoaction, role, notificationrole)
			VALUES (13, 2, 'SEND FOR SP&I REVIEW', 'MARKETING_APPROVERS,OTHER_BAT_APPROVERS,SPI_APPROVERS,PROCUREMENT_APPROVERS,SUPPORT','MARKETING_APPROVERS,OTHER_BAT_APPROVERS,SPI_APPROVERS,PROCUREMENT_APPROVERS,SUPPORT');

		INSERT INTO grailstagetodolist(
					id, "stageid", todoaction, role, notificationrole)
			VALUES (14, 2, 'SEND FOR PROCUREMENT REVIEW', 'MARKETING_APPROVERS,OTHER_BAT_APPROVERS,SPI_APPROVERS,PROCUREMENT_APPROVERS,SUPPORT','PROCUREMENT_APPROVERS');

		INSERT INTO grailstagetodolist(
					id, "stageid", todoaction, role, notificationrole)
			VALUES (15, 2, 'APPROVE', 'APPROVERS','APPROVERS,PROJECT_OWNER');

		INSERT INTO grailstagetodolist(
					id, "stageid", todoaction, role, notificationrole)
			VALUES (16, 2, 'APPROVE FUNDING', 'BUDGET_APPROVERS','PROJECT_OWNER');

		INSERT INTO grailstagetodolist(
					id, "stageid", todoaction, role, notificationrole)
			VALUES (17, 3, 'SEND FOR APPROVAL', 'COORDINATION_AGENCY,CO_AGENCY_SUPPORT,FIELDWORK_AGENCY','MARKETING_APPROVERS,OTHER_BAT_APPROVERS,SPI_APPROVERS');

		INSERT INTO grailstagetodolist(
					id, "stageid", todoaction, role, notificationrole)
			VALUES (18, 3, 'SEND FOR APPROVAL', 'MARKETING_APPROVERS,OTHER_BAT_APPROVERS,SPI_APPROVERS,SUPPORT','APPROVERS');

		INSERT INTO grailstagetodolist(
					id, "stageid", todoaction, role, notificationrole)
			VALUES (19, 3, 'NEEDS REVISION', 'MARKETING_APPROVERS,OTHER_BAT_APPROVERS,SPI_APPROVERS,SUPPORT','COORDINATION_AGENCY,CO_AGENCY_SUPPORT,FIELDWORK_AGENCY');

		INSERT INTO grailstagetodolist(
					id, "stageid", todoaction, role, notificationrole)
			VALUES (20, 3, 'SEND FOR MARKETING REVIEW', 'MARKETING_APPROVERS,OTHER_BAT_APPROVERS,SPI_APPROVERS,SUPPORT','MARKETING_APPROVERS,OTHER_BAT_APPROVERS,SPI_APPROVERS,SUPPORT');

		INSERT INTO grailstagetodolist(
					id, "stageid", todoaction, role, notificationrole)
			VALUES (21, 3, 'SEND FOR OTHER BAT REVIEW', 'MARKETING_APPROVERS,OTHER_BAT_APPROVERS,SPI_APPROVERS,SUPPORT','MARKETING_APPROVERS,OTHER_BAT_APPROVERS,SPI_APPROVERS,SUPPORT');

		INSERT INTO grailstagetodolist(
					id, "stageid", todoaction, role, notificationrole)
			VALUES (22, 3, 'SEND FOR SP&I REVIEW', 'MARKETING_APPROVERS,OTHER_BAT_APPROVERS,SPI_APPROVERS,SUPPORT','MARKETING_APPROVERS,OTHER_BAT_APPROVERS,SPI_APPROVERS,SUPPORT');

		INSERT INTO grailstagetodolist(
					id, "stageid", todoaction, role, notificationrole)
			VALUES (23, 3, 'APPROVE', 'APPROVERS','APPROVERS,PROJECT_OWNER,COORDINATION_AGENCY,CO_AGENCY_SUPPORT,FIELDWORK_AGENCY');

		INSERT INTO grailstagetodolist(
					id, "stageid", todoaction, role, notificationrole)
			VALUES (24, 4, 'SEND FOR APPROVAL', 'COORDINATION_AGENCY,CO_AGENCY_SUPPORT,FIELDWORK_AGENCY','MARKETING_APPROVERS,OTHER_BAT_APPROVERS,SPI_APPROVERS,LEGAL_APPROVERS,SUPPORT');

		INSERT INTO grailstagetodolist(
					id, "stageid", todoaction, role, notificationrole)
			VALUES (25, 4, 'SEND FOR APPROVAL', 'MARKETING_APPROVERS,OTHER_BAT_APPROVERS,SPI_APPROVERS,LEGAL_APPROVERS,SUPPORT','APPROVERS');

		INSERT INTO grailstagetodolist(
					id, "stageid", todoaction, role, notificationrole)
			VALUES (26, 4, 'NEEDS REVISION', 'MARKETING_APPROVERS,OTHER_BAT_APPROVERS,SPI_APPROVERS,LEGAL_APPROVERS,SUPPORT','COORDINATION_AGENCY,CO_AGENCY_SUPPORT,FIELDWORK_AGENCY');

		INSERT INTO grailstagetodolist(
					id, "stageid", todoaction, role, notificationrole)
			VALUES (27, 4, 'SEND FOR MARKETING REVIEW', 'MARKETING_APPROVERS,OTHER_BAT_APPROVERS,SPI_APPROVERS,LEGAL_APPROVERS,SUPPORT','MARKETING_APPROVERS,OTHER_BAT_APPROVERS,SPI_APPROVERS,LEGAL_APPROVERS,SUPPORT');

		INSERT INTO grailstagetodolist(
					id, "stageid", todoaction, role, notificationrole)
			VALUES (28, 4, 'SEND FOR OTHER BAT REVIEW', 'MARKETING_APPROVERS,OTHER_BAT_APPROVERS,SPI_APPROVERS,LEGAL_APPROVERS,SUPPORT','MARKETING_APPROVERS,OTHER_BAT_APPROVERS,SPI_APPROVERS,LEGAL_APPROVERS,SUPPORT');

		INSERT INTO grailstagetodolist(
					id, "stageid", todoaction, role, notificationrole)
			VALUES (29, 4, 'SEND FOR SP&I REVIEW', 'MARKETING_APPROVERS,OTHER_BAT_APPROVERS,SPI_APPROVERS,LEGAL_APPROVERS,SUPPORT','MARKETING_APPROVERS,OTHER_BAT_APPROVERS,SPI_APPROVERS,LEGAL_APPROVERS,SUPPORT');

		INSERT INTO grailstagetodolist(
					id, "stageid", todoaction, role, notificationrole)
			VALUES (30, 4, 'SEND FOR LEGAL APPROVAL', 'MARKETING_APPROVERS,OTHER_BAT_APPROVERS,SPI_APPROVERS,LEGAL_APPROVERS,SUPPORT','MARKETING_APPROVERS,OTHER_BAT_APPROVERS,SPI_APPROVERS,LEGAL_APPROVERS,SUPPORT');

		INSERT INTO grailstagetodolist(
					id, "stageid", todoaction, role, notificationrole)
			VALUES (31, 4, 'APPROVE', 'APPROVERS','APPROVERS,PROJECT_OWNER,COORDINATION_AGENCY,CO_AGENCY_SUPPORT,FIELDWORK_AGENCY');

		INSERT INTO grailstagetodolist(
					id, "stageid", todoaction, role, notificationrole)
			VALUES (32, 5, 'SEND FOR APPROVAL', 'COORDINATION_AGENCY,CO_AGENCY_SUPPORT,FIELDWORK_AGENCY','MARKETING_APPROVERS,OTHER_BAT_APPROVERS,SPI_APPROVERS,LEGAL_APPROVERS,SUPPORT');

		INSERT INTO grailstagetodolist(
					id, "stageid", todoaction, role, notificationrole)
			VALUES (33, 5, 'SEND FOR APPROVAL', 'MARKETING_APPROVERS,OTHER_BAT_APPROVERS,SPI_APPROVERS,LEGAL_APPROVERS,SUPPORT','APPROVERS');

		INSERT INTO grailstagetodolist(
					id, "stageid", todoaction, role, notificationrole)
			VALUES (34, 5, 'NEEDS REVISION', 'MARKETING_APPROVERS,OTHER_BAT_APPROVERS,SPI_APPROVERS,LEGAL_APPROVERS,SUPPORT','COORDINATION_AGENCY,CO_AGENCY_SUPPORT,FIELDWORK_AGENCY');

		INSERT INTO grailstagetodolist(
					id, "stageid", todoaction, role, notificationrole)
			VALUES (35, 5, 'SEND FOR MARKETING REVIEW', 'MARKETING_APPROVERS,OTHER_BAT_APPROVERS,SPI_APPROVERS,LEGAL_APPROVERS,SUPPORT','MARKETING_APPROVERS,OTHER_BAT_APPROVERS,SPI_APPROVERS,LEGAL_APPROVERS,SUPPORT');

		INSERT INTO grailstagetodolist(
					id, "stageid", todoaction, role, notificationrole)
			VALUES (36, 5, 'SEND FOR OTHER BAT REVIEW', 'MARKETING_APPROVERS,OTHER_BAT_APPROVERS,SPI_APPROVERS,LEGAL_APPROVERS,SUPPORT','MARKETING_APPROVERS,OTHER_BAT_APPROVERS,SPI_APPROVERS,LEGAL_APPROVERS,SUPPORT');

		INSERT INTO grailstagetodolist(
					id, "stageid", todoaction, role, notificationrole)
			VALUES (37, 5, 'SEND FOR SP&I REVIEW', 'MARKETING_APPROVERS,OTHER_BAT_APPROVERS,SPI_APPROVERS,LEGAL_APPROVERS,SUPPORT','MARKETING_APPROVERS,OTHER_BAT_APPROVERS,SPI_APPROVERS,LEGAL_APPROVERS,SUPPORT');

		INSERT INTO grailstagetodolist(
					id, "stageid", todoaction, role, notificationrole)
			VALUES (38, 5, 'SEND FOR LEGAL APPROVAL', 'MARKETING_APPROVERS,OTHER_BAT_APPROVERS,SPI_APPROVERS,LEGAL_APPROVERS,SUPPORT','MARKETING_APPROVERS,OTHER_BAT_APPROVERS,SPI_APPROVERS,LEGAL_APPROVERS,SUPPORT');

		INSERT INTO grailstagetodolist(
					id, "stageid", todoaction, role, notificationrole)
			VALUES (39, 5, 'APPROVE', 'APPROVERS','APPROVERS,PROJECT_OWNER,COORDINATION_AGENCY,CO_AGENCY_SUPPORT,FIELDWORK_AGENCY');

		 INSERT INTO grailstagetodolist(
					id, "stageid", todoaction, role, notificationrole)
			VALUES (40, 6, 'SEND FOR APPROVAL', 'COORDINATION_AGENCY,CO_AGENCY_SUPPORT,FIELDWORK_AGENCY','MARKETING_APPROVERS,OTHER_BAT_APPROVERS,SPI_APPROVERS,LEGAL_APPROVERS,SUPPORT');

		INSERT INTO grailstagetodolist(
					id, "stageid", todoaction, role, notificationrole)
			VALUES (41, 6, 'SEND FOR APPROVAL', 'MARKETING_APPROVERS,OTHER_BAT_APPROVERS,SPI_APPROVERS,LEGAL_APPROVERS,SUPPORT','APPROVERS');

		INSERT INTO grailstagetodolist(
					id, "stageid", todoaction, role, notificationrole)
			VALUES (42, 6, 'NEEDS REVISION', 'MARKETING_APPROVERS,OTHER_BAT_APPROVERS,SPI_APPROVERS,LEGAL_APPROVERS,SUPPORT','COORDINATION_AGENCY,CO_AGENCY_SUPPORT,FIELDWORK_AGENCY');

		INSERT INTO grailstagetodolist(
					id, "stageid", todoaction, role, notificationrole)
			VALUES (43, 6, 'SEND FOR MARKETING REVIEW', 'MARKETING_APPROVERS,OTHER_BAT_APPROVERS,SPI_APPROVERS,LEGAL_APPROVERS,SUPPORT','MARKETING_APPROVERS,OTHER_BAT_APPROVERS,SPI_APPROVERS,LEGAL_APPROVERS,SUPPORT');

		INSERT INTO grailstagetodolist(
					id, "stageid", todoaction, role, notificationrole)
			VALUES (44, 6, 'SEND FOR OTHER BAT REVIEW', 'MARKETING_APPROVERS,OTHER_BAT_APPROVERS,SPI_APPROVERS,LEGAL_APPROVERS,SUPPORT','MARKETING_APPROVERS,OTHER_BAT_APPROVERS,SPI_APPROVERS,LEGAL_APPROVERS,SUPPORT');

		INSERT INTO grailstagetodolist(
					id, "stageid", todoaction, role, notificationrole)
			VALUES (45, 6, 'SEND FOR SP&I REVIEW', 'MARKETING_APPROVERS,OTHER_BAT_APPROVERS,SPI_APPROVERS,LEGAL_APPROVERS,SUPPORT','MARKETING_APPROVERS,OTHER_BAT_APPROVERS,SPI_APPROVERS,LEGAL_APPROVERS,SUPPORT');

		INSERT INTO grailstagetodolist(
					id, "stageid", todoaction, role, notificationrole)
			VALUES (46, 6, 'SEND FOR LEGAL APPROVAL', 'MARKETING_APPROVERS,OTHER_BAT_APPROVERS,SPI_APPROVERS,LEGAL_APPROVERS,SUPPORT','MARKETING_APPROVERS,OTHER_BAT_APPROVERS,SPI_APPROVERS,LEGAL_APPROVERS,SUPPORT');

		INSERT INTO grailstagetodolist(
					id, "stageid", todoaction, role, notificationrole)
			VALUES (47, 6, 'APPROVE', 'APPROVERS','APPROVERS,PROJECT_OWNER,COORDINATION_AGENCY,CO_AGENCY_SUPPORT,FIELDWORK_AGENCY');

		INSERT INTO grailstagetodolist(
					id, "stageid", todoaction, role, notificationrole)
			VALUES (48, 6, 'READY TO UPLOAD TO RKP', 'MARKETING_APPROVERS,OTHER_BAT_APPROVERS,SPI_APPROVERS,LEGAL_APPROVERS,SUPPORT','SYNCHRO_ADMIN');
		]]>
	</sql>
</schema>