<?xml version="1.0"?>

<!-- Table definition for PIB Stimulus -->
<schema name="CreatePIBStimulusTable">

    <table name="grailPIBStimulus" description="">
        <column name="docID" type="bigint" nullable="false" description=""/>
        <column name="projectID" type="bigint" nullable="false" description=""/>
        <column name="actualStick" type="int" nullable="true" description=""/>
        <column name="actualPack" type="int" nullable="true" description=""/>
        <column name="mockSticks" type="int" nullable="true" description=""/>
        <column name="mockPacks" type="int" nullable="true" description=""/>
        <column name="conceptBoards" type="int" nullable="true" description=""/>
        <column name="commBoards" type="int" nullable="true" description=""/>
        <column name="posMaterials" type="int" nullable="true" description=""/>
        <column name="digitalVisuals" type="int" nullable="true" description=""/>
        <!-- We will not have any Audit fields here as PIB will be responsible for state change -->
    </table>

</schema>