<?xml version="1.0"?>
<!-- Table definition for Waiver EndMarket Mapping -->
<schema name="CreateWaiverEndMarketTable">
    <table name="grailWaiverEndMarket" description="">
        <column name="waiverID" type="bigint" nullable="false" description=""/>
        <column name="endmarketID" type="bigint" nullable="false" description=""/>
        <column name="creationBy" type="bigint" nullable="false" description="Author who created the content"/>
        <column name="modificationBy" type="bigint" nullable="false" description="Author who modified the content"/>
        <column name="creationDate" type="bigint" nullable="false" description="Creation date"/>
        <column name="modificationDate" type="bigint" nullable="false" description="Modification date"/>
    </table>

</schema>