<schema name="CreateGrailButtonMethodologyTypeTable">
    <table name="grailbuttonmethodologytype" description="">
        <column name="id" type="bigint" nullable="false" description=""/>
        <column name="name" type="varchar" size="255" nullable="false" description=""/>
        <column name="sortOrder" type="bigint" nullable="true" description="Stores the order by which it sorts"/>
        <column name="isActive" type="int" default="1" nullable="true" description="Property active/inactive state"/>
        <index type="normal" name="grailbtnmethtype_Idx" column="id"/>
    </table>
    <sql>
        INSERT INTO grailbuttonmethodologytype(id, name, sortorder, isactive) VALUES (1,'Desk Research and Analysis',1,1);
        INSERT INTO grailbuttonmethodologytype(id, name, sortorder, isactive) VALUES (2,'Report Synthesis',2,1);
        INSERT INTO grailbuttonmethodologytype(id, name, sortorder, isactive) VALUES (3,'Qualitative Research (Including Cross-category)',3,1);
        INSERT INTO grailbuttonmethodologytype(id, name, sortorder, isactive) VALUES (4,'Data Extraction / Presentation Support',4,1);
        INSERT INTO grailbuttonmethodologytype(id, name, sortorder, isactive) VALUES (-100,'Others',1000000,1);
    </sql>
</schema>